context,participant,Soft,Geometric,T=2,T=3,T=4,sensitivity
GDPR,E08,0.5477225575051662,0.18257418583505539,0.18257418583505539,1.0,0.7745966692414834,0.5477225575051661
GDPR,E11,-0.7071067811865477,-0.2357022603955159,-0.2357022603955159,-0.5163977794943223,-0.33333333333333337,-0.23570226039551587
GDPR,E13,0.18257418583505539,0.18257418583505539,0.18257418583505539,0.7999999999999999,0.7745966692414834,0.5477225575051661
GDPR,E18,0.18257418583505539,0.5477225575051662,0.5477225575051662,-0.39999999999999997,0.0,0.18257418583505536
MDR,E08,0.3333333333333334,0.3333333333333334,0.2357022603955159,0.5477225575051662,0.6666666666666669,0.3333333333333333
MDR,E11,0.5477225575051662,0.5477225575051662,0.0,0.39999999999999997,0.9128709291752769,0.18257418583505536
MDR,E13,0.8164965809277261,0.8164965809277261,0.5773502691896258,0.8944271909999159,0.8164965809277261,0.4082482904638631
MDR,E18,0.0,0.0,-0.5773502691896258,-0.22360679774997896,0.4082482904638631,0.0
Across both,E08,0.4405279454192498,0.2579537595841944,0.20913822311528563,0.7738612787525831,0.7206316679540752,0.44052794541924967
Across both,E11,-0.07969211184069075,0.15601014855482515,-0.11785113019775795,-0.05819888974716117,0.28976879792097177,-0.026564037280230254
Across both,E13,0.49953538338139075,0.49953538338139075,0.3799622275123406,0.8472135954999579,0.7955466250846048,0.49953538338139075
Across both,E18,0.09128709291752769,0.2738612787525831,-0.014813855842229828,-0.3118033988749895,0.20412414523193154,0.0697371335206515
