catalogue,regulation,mean,minimum,maximum
all,GDPR+AIA86+MiFID25,0.8348800000000001,0.1744,1.0
agnostic,GDPR+AIA86+MiFID25,0.85418,0.2709,1.0
all,DSA17,0.83794,0.1897,1.0
agnostic,DSA17,0.85836,0.2918,1.0
all,DSA27+P2B5,0.37362499999999993,0.2802,0.5032
agnostic,DSA27+P2B5,0.49160000000000004,0.3847,0.6076
all,AIA13-14,0.63226,0.3401,1.0
agnostic,AIA13-14,0.6814600000000001,0.475,1.0
all,MDR,0.4612,0.2619,0.6805
agnostic,MDR,0.48563333333333336,0.2998,0.6805
all,MiFID17,0.44070000000000004,0.199,0.7834
agnostic,MiFID17,0.5232,0.3133,0.7834
all,AIA11,0.6419,0.3507,1.0
agnostic,AIA11,0.7067333333333333,0.4076,1.0
